year,airport_code_std,enplanements_counterfactual,svr_gap_pred,xgb_residual_pred,final_gap_pred,enplanements_pred_2025
2025,0AK,4890.036816791166,-51947.488936836395,44407.93,-7539.559249336395,244.5018408395583
2025,16A,5192.493596924702,-51947.488936836395,44407.93,-7539.559249336395,259.6246798462351
2025,1G4,740313.3887956142,-51947.488936836395,-634242.4,-686189.8639368364,54123.52485877788
2025,2A9,2400.8805498569272,-51947.488936836395,58745.3,6797.811844413605,9198.692394270533
2025,A61,7230.880257506389,-51947.488936836395,60419.332,8471.843094413605,15702.723351919994
2025,ABE,577149.7845070362,-51947.488936836395,17573.396,-34374.092452461395,542775.6920545748
2025,ABI,20108.771681278944,-51947.488936836395,542786.94,490839.44856316363,510948.2202444426
2025,ABQ,2021246.538193226,-51947.488936836395,415374.22,363426.72981316363,2384673.26800639
2025,ABR,42122.40593559574,-51947.488936836395,41266.32,-10681.168624336395,31441.23731125935
2025,ABY,49085.47212478178,-51947.488936836395,38252.133,-13695.356124336395,35390.116000445385
2025,ACK,-19912.21025025845,-51947.488936836395,190756.72,138809.2298131636,118897.01956290516
2025,ACT,31023.545339792967,-51947.488936836395,57414.586,5467.097000663605,36490.64234045657
2025,ACV,53517.62710532546,-51947.488936836395,174241.25,122293.7610631636,175811.38816848907
2025,ACY,236263.17544165257,-51947.488936836395,260897.22,208949.7298131636,445212.90525481617
2025,ADQ,61646.93168962002,-51947.488936836395,66639.55,14692.057938163605,76338.98962778362
2025,AEX,41464.228791072965,-51947.488936836395,298339.28,246391.7923131636,287856.0211042366
2025,AGS,514417.2146130502,-51947.488936836395,784.78595,-51162.70298712936,463254.5116259209
2025,AKN,50709.13107899856,-51947.488936836395,48436.418,-3511.0709680863947,47198.06011091216
2025,AKP,963.2390875215642,-51947.488936836395,48078.72,-3868.7701868363947,48.161954376078214
2025,ALB,1953721.9505452216,-51947.488936836395,-222582.73,-274530.22331183637,1679191.7272333852
2025,ALO,57009.079891227186,-51947.488936836395,40278.35,-11669.137374336395,45339.94251689079
2025,ALS,8520.24696617201,-51947.488936836395,63038.824,11091.335281913605,19611.582248085615
2025,ALW,84148.75709180534,-51947.488936836395,30354.162,-21593.326827461395,62555.430264343944
2025,AMA,191776.8019041717,-51947.488936836395,283092.75,231145.2610631636,422922.06296733534
2025,ANC,3067149.7530552,-51947.488936836395,-184543.52,-236491.0045618364,2830658.7484933636
2025,ANI,-560.9141711741686,-51947.488936836395,60788.945,8841.456375663605,8280.542204489437
2025,AOO,8400.591628187336,-51947.488936836395,60788.945,8841.456375663605,17242.04800385094
2025,APN,21794.34565912932,-51947.488936836395,54075.582,2128.0930944136053,23922.438753542927
2025,AQH,3404.4233390130103,-51947.488936836395,60788.945,8841.456375663605,12245.879714676616
2025,ASE,447519.1475771367,-51947.488936836395,43497.008,-8450.481124336395,439068.6664528003
2025,ATL,62474241.74610901,-51947.488936836395,-5423736.0,-5475683.488936837,56998558.257172175
2025,ATW,551200.4992391169,-51947.488936836395,781036.4,729088.8860631636,1280289.3853022805
2025,ATY,24586.998768221587,-51947.488936836395,108660.46,56712.972000663605,81299.97076888519
2025,AUG,9645.097543304786,-51947.488936836395,111431.49,59484.003250663605,69129.10079396839
2025,AUK,2267.3037679137415,-51947.488936836395,-153800.55,-205748.0358118364,113.36518839568708
2025,AUS,14394661.14921856,-51947.488936836395,-1624815.2,-1676762.7389368364,12717898.410281723
2025,AVL,1409772.6720087528,-51947.488936836395,2016.4648,-49931.024093086395,1359841.6479156665
2025,AVP,351143.23205701634,-51947.488936836395,-39620.93,-91568.4186243364,259574.81343267995
2025,AWI,2688.5693332119845,-51947.488936836395,48985.79,-2961.6998743363947,134.42846666059924
2025,AZO,274906.5614090264,-51947.488936836395,-38949.445,-90896.9342493364,184009.62715969
2025,BDL,4790041.089545846,-51947.488936836395,-944462.0,-996409.4889368364,3793631.6006090096
2025,BET,175625.49151119962,-51947.488936836395,42442.08,-9505.410811836395,166120.08069936323
2025,BFD,14703.978805797176,-51947.488936836395,42442.08,-9505.410811836395,5198.567993960782
2025,BFF,26122.23909392208,-51947.488936836395,42442.08,-9505.410811836395,16616.828282085684
2025,BFI,-23059.211846672,-51947.488936836395,203550.23,151602.7454381636,128543.5335914916
2025,BFL,30065.41088499129,-51947.488936836395,249329.44,197381.9485631636,227447.3594481549
2025,BGM,-80972.41340115666,-51947.488936836395,168915.61,116968.1204381636,35995.70703700694
2025,BGR,66189.8202034831,-51947.488936836395,314798.4,262850.91731316363,329040.73751664674
2025,BHB,9526.850146532524,-51947.488936836395,57797.062,5849.573563163605,15376.42370969613
2025,BHM,1286583.9052283168,-51947.488936836395,128639.62,76692.1282506636,1363276.0334789804
2025,BID,29622.18348389119,-51947.488936836395,47452.8,-4494.688155586395,25127.495328304794
2025,BIL,438247.7083315253,-51947.488936836395,62012.77,10065.280594413605,448312.98892593896
2025,BIS,427770.6013835445,-51947.488936836395,-609.35077,-52556.83970587936,375213.76167766517
2025,BJI,56024.67255194485,-51947.488936836395,29908.598,-22038.891280586395,33985.78127135846
2025,BLI,-73422.3663404882,-51947.488936836395,439667.38,387719.88606316363,314297.51972267544
2025,BLV,430349.9520446658,-51947.488936836395,-111232.41,-163179.8951868364,267170.05685782945
2025,BMI,-8243.446192502975,-51947.488936836395,170575.95,118628.4641881636,110385.01799566063
2025,BNA,15328876.115235329,-51947.488936836395,-774211.44,-826158.9264368364,14502717.188798493
2025,BOI,2791949.803373158,-51947.488936836395,-40293.54,-92241.0279993364,2699708.7753738216
2025,BOS,30170552.261191368,-51947.488936836395,-5795511.5,-5847458.988936837,24323093.27225453
2025,BPT,107680.9733170718,-51947.488936836395,7822.161,-44125.327804023895,63555.6455130479
2025,BQK,62518.79888215661,-51947.488936836395,21872.723,-30074.766280586395,32444.032601570216
2025,BQN,267353.3863348961,-51947.488936836395,479439.97,427492.47981316363,694845.8661480597
2025,BRD,36570.365553228185,-51947.488936836395,25300.129,-26647.360030586395,9923.00552264179
2025,BRL,24023.056891079992,-51947.488936836395,38808.797,-13138.692061836395,10884.364829243597
2025,BRO,156773.8674155064,-51947.488936836395,196604.47,144656.9798131636,301430.84722867
2025,BRW,49907.33919570409,-51947.488936836395,42233.13,-9714.360030586395,40192.97916511769
2025,BTM,43310.620089784265,-51947.488936836395,17292.738,-34654.750655586395,8655.86943419787
2025,BTR,246582.9087135792,-51947.488936836395,150405.31,98457.8235631636,345040.7322767428
2025,BTV,336088.83047378063,-51947.488936836395,269617.5,217670.0110631636,553758.8415369443
2025,BUF,1179653.5811736584,-51947.488936836395,798582.1,746634.6360631636,1926288.217236822
2025,BUR,3274107.5218834877,-51947.488936836395,67580.5,15633.011063163605,3289740.5329466513
2025,BVK,4732.633459312841,-51947.488936836395,94786.836,42839.347000663605,47571.98045997645
2025,BWI,17308790.86205721,-51947.488936836395,-3196601.5,-3248548.9889368364,14060241.873120373
2025,BZN,1321510.3651527762,-51947.488936836395,308018.4,256070.9173131636,1577581.2824659399
2025,CAE,720052.3803937435,-51947.488936836395,27213.547,-24733.942061836395,695318.4383319071
2025,CAK,-724370.8802762032,-51947.488936836395,555532.4,503584.88606316363,0.0
2025,CDB,3768.4418776729144,-51947.488936836395,86521.15,34573.659500663605,38342.10137833652
2025,CDC,50413.06091043353,-51947.488936836395,37332.17,-14615.317061836395,35797.743848597136
2025,CDV,27628.237064152025,-51947.488936836395,79870.26,27922.768875663605,55551.00593981563
2025,CEC,-2393.405472910963,-51947.488936836395,92662.45,40714.964188163605,38321.55871525264
2025,CEZ,8216.59516773792,-51947.488936836395,86521.15,34573.659500663605,42790.254668401525
2025,CFK,5938.781976692495,-51947.488936836395,86521.15,34573.659500663605,40512.4414773561
2025,CGI,23653.859998280182,-51947.488936836395,74228.05,22280.557938163605,45934.41793644379
2025,CHA,937858.4299020768,-51947.488936836395,-83348.445,-135295.9342493364,802562.4956527405
2025,CHO,692773.4443160594,-51947.488936836395,-33103.496,-85050.9850305864,607722.459285473
2025,CHS,4009980.5428649182,-51947.488936836395,-111115.836,-163063.3248743364,3846917.217990582
2025,CID,889569.9343611598,-51947.488936836395,43603.94,-8343.547530586395,881226.3868305734
2025,CIU,40773.578466352075,-51947.488936836395,77067.15,25119.659500663605,65893.23796701568
2025,CKB,105868.47362845392,-51947.488936836395,63613.703,11666.214188163605,117534.68781661753
2025,CLE,5417224.693959475,-51947.488936836395,34956.19,-16991.297530586395,5400233.396428888
2025,CLL,82172.76562129334,-51947.488936836395,548056.8,496109.32356316363,578282.089184457
2025,CLT,24245118.272377968,-51947.488936836395,3516798.2,3464850.7610631636,27709969.03344113
2025,CMH,5387305.350129068,-51947.488936836395,-321055.0,-373002.48893683637,5014302.861192232
2025,CMI,156679.69313596562,-51947.488936836395,55707.434,3759.9446569136053,160439.63779287922
2025,CMX,27525.014750697766,-51947.488936836395,95302.516,43355.026688163605,70880.04143886137
2025,CNM,13672.976380651817,-51947.488936836395,86214.164,34266.675125663605,47939.65150631542
2025,CNY,35047.77966216579,-51947.488936836395,67870.66,15923.167313163605,50970.946975329396
2025,COD,60378.25821473822,-51947.488936836395,74627.984,22680.495438163605,83058.75365290183
2025,COS,897753.7303697551,-51947.488936836395,391614.5,339667.01106316363,1237420.7414329187
2025,COU,318672.6846360266,-51947.488936836395,12749.961,-39197.527999336395,279475.15663669026
2025,CPR,91856.11373821272,-51947.488936836395,96634.42,44686.932938163605,136543.0466763763
2025,CRP,281407.5826252699,-51947.488936836395,186651.23,134703.7454381636,416111.3280634335
2025,CRQ,-11990.070013185032,-51947.488936836395,246131.61,194184.1204381636,182194.05042497857
2025,CRW,134243.70067478716,-51947.488936836395,249655.5,197708.0110631636,331951.7117379508
2025,CSG,73171.41994994134,-51947.488936836395,-92059.305,-144006.7936243364,3658.570997497067
2025,CVG,10022745.35484934,-51947.488936836395,-4304834.0,-4356781.488936837,5665963.865912504
2025,CWA,86661.65151236951,-51947.488936836395,-23073.023,-75020.5123743364,11641.139138033119
2025,CYS,6085.832390439697,-51947.488936836395,49315.434,-2632.0553430863947,3453.777047353302
2025,D76,2821.478482772596,-51947.488936836395,4639.1836,-47308.305343086395,141.07392413862982
2025,DAB,471866.76876219735,-51947.488936836395,-70159.0,-122106.4889368364,349760.279825361
2025,DAL,14906926.839887142,-51947.488936836395,-4078076.0,-4130023.4889368364,10776903.350950306
2025,DAY,-325965.1280696392,-51947.488936836395,303784.03,251836.5423131636,0.0
2025,DBQ,51894.008790087886,-51947.488936836395,52932.914,985.4251256636053,52879.43391575149
2025,DCA,12064954.753335476,-51947.488936836395,-86845.94,-138793.4264368364,11926161.32689864
2025,DDC,2235.877998350188,-51947.488936836395,103986.91,52039.417313163605,54275.29531151379
2025,DEC,20322.200402250513,-51947.488936836395,382080.5,330133.01106316363,350455.21146541415
2025,DEN,37083947.42767477,-51947.488936836395,2956143.8,2904196.2610631636,39988143.68873794
2025,DFW,45539781.957221985,-51947.488936836395,16766.217,-35181.272139961395,45504600.685082026
2025,DHN,102164.33262442052,-51947.488936836395,73692.14,21744.651688163605,123908.98431258413
2025,DIK,29790.565639022738,-51947.488936836395,103864.625,51917.136063163605,81707.70170218634
2025,DLG,40681.047281336854,-51947.488936836395,97213.75,45266.261063163605,85947.30834450046
2025,DLH,118504.0415691808,-51947.488936836395,102508.62,50561.128250663605,169065.16981984442
2025,DRO,194236.8905152604,-51947.488936836395,-281717.72,-333665.20768683637,9711.844525763021
2025,DSM,2161945.4977528453,-51947.488936836395,-414263.7,-466211.17643683637,1695734.321316009
2025,DTW,20269066.531423092,-51947.488936836395,-3873534.0,-3925481.4889368364,16343585.042486256
2025,DUJ,16033.928075306118,-51947.488936836395,58284.36,6336.870438163605,22370.798513469723
2025,DUT,29084.755300934423,-51947.488936836395,52642.156,694.6673131636053,29779.422614098028
2025,DUY,2196.746332885232,-51947.488936836395,65946.83,13999.339188163605,16196.085521048837
2025,DVL,10698.889998327477,-51947.488936836395,65946.83,13999.339188163605,24698.22918649108
2025,EAR,16273.505173508078,-51947.488936836395,65946.83,13999.339188163605,30272.844361671683
2025,EAT,90753.43542332202,-51947.488936836395,42709.418,-9238.070968086395,81515.36445523563
2025,EAU,37201.70250934735,-51947.488936836395,56651.816,4704.327469413605,41906.029978760955
2025,EEK,4031.451882778958,-51947.488936836395,66105.0,14157.511063163605,18188.962945942563
2025,EGE,87885.65134117007,-51947.488936836395,213491.4,161543.9173131636,249429.56865433368
2025,EKO,135830.89061886072,-51947.488936836395,30605.467,-21342.022139961395,114488.86847889933
2025,ELM,186175.7332828641,-51947.488936836395,35670.832,-16276.656905586395,169899.0763772777
2025,ELP,1862943.3667201996,-51947.488936836395,310245.88,258298.3860631636,2121241.752783363
2025,ENA,103623.2818640098,-51947.488936836395,14409.235,-37538.253585273895,66085.0282787359
2025,ENM,-1684.9659742563963,-51947.488936836395,63285.645,11338.155594413605,9653.189620157209
2025,ERI,71969.58276183158,-51947.488936836395,57634.574,5687.085281913605,77656.66804374519
2025,ESC,44548.8182817474,-51947.488936836395,36166.44,-15781.047530586395,28767.770751161006
2025,EUG,945384.972894132,-51947.488936836395,49823.7,-2123.7897180863947,943261.1831760457
2025,EVV,391739.3184190616,-51947.488936836395,-64934.72,-116882.2076868364,274857.11073222524
2025,EWN,52029.302318140864,-51947.488936836395,68687.125,16739.636063163605,68768.93838130447
2025,EWR,31006298.499136448,-51947.488936836395,-4093588.2,-4145535.7389368364,26860762.76019961
2025,EYW,874253.7657094002,-51947.488936836395,-71267.19,-123214.6764368364,751039.0892725638
2025,FAI,688430.7644634657,-51947.488936836395,11130.638,-40816.851241523895,647613.9132219418
2025,FAR,522393.2623789981,-51947.488936836395,168792.33,116844.8391881636,639238.1015671617
2025,FAT,1319442.9113378525,-51947.488936836395,204783.39,152835.9016881636,1472278.813026016
2025,FAY,100206.33453570306,-51947.488936836395,510156.25,458208.76106316363,558415.0955988667
2025,FHR,14315.377180541866,-51947.488936836395,59844.176,7896.686844413605,22212.06402495547
2025,FLG,154210.24758840352,-51947.488936836395,-128636.54,-180584.0279993364,7710.512379420176
2025,FLL,26668945.511885643,-51947.488936836395,-7250213.5,-7302160.988936837,19366784.522948805
2025,FLO,-32953.47531799972,-51947.488936836395,495454.2,443506.69856316363,410553.2232451639
2025,FNT,-224280.15583598617,-51947.488936836395,323371.34,271423.85481316363,47143.69897717747
2025,FOD,15092.709184595384,-51947.488936836395,48183.234,-3764.2545618363947,11328.454622758989
2025,FSD,812193.6229233146,-51947.488936836395,18726.129,-33221.360030586395,778972.2628927282
2025,FSM,104156.82953002304,-51947.488936836395,47640.35,-4307.137374336395,99849.69215568664
2025,FWA,676216.1960961819,-51947.488936836395,-41127.96,-93075.4498743364,583140.7462218455
2025,FYU,5729.761915301322,-51947.488936836395,52931.625,984.1360631636053,6713.897978464927
2025,GAL,15112.348391070962,-51947.488936836395,52931.625,984.1360631636053,16096.484454234567
2025,GAM,2195.8508713664487,-51947.488936836395,52931.625,984.1360631636053,3179.986934530054
2025,GCC,4110.924086812884,-51947.488936836395,76128.87,24181.378250663605,28292.30233747649
2025,GCK,44359.69617673941,-51947.488936836395,41091.81,-10855.680343086395,33504.015833653015
2025,GEG,2247364.8657682836,-51947.488936836395,-103686.78,-155634.2701868364,2091730.5955814472
2025,GFK,117873.5392735526,-51947.488936836395,28532.307,-23415.182296211395,94458.3569773412
2025,GGG,39949.6538250912,-51947.488936836395,52931.625,984.1360631636053,40933.7898882548
2025,GJT,175318.88295079768,-51947.488936836395,169376.2,117428.7141881636,292747.5971389613
2025,GLH,6601.851459553,-51947.488936836395,52931.625,984.1360631636053,7585.987522716605
2025,GNV,425374.9612843245,-51947.488936836395,11528.796,-40418.693038398895,384956.26824592566
2025,GPI,602690.2279056907,-51947.488936836395,31543.207,-20404.281905586395,582285.9460001043
2025,GPT,227661.8800906241,-51947.488936836395,208025.45,156077.9641881636,383739.8442787877
2025,GRB,190653.5279989541,-51947.488936836395,136976.94,85029.4485631636,275682.9765621177
2025,GRI,129460.26350665092,-51947.488936836395,30325.727,-21621.762374336395,107838.50113231453
2025,GRK,-109089.57544863224,-51947.488936836395,249406.86,197459.3704381636,88369.79498953136
2025,GRO,-3436.925139479339,-51947.488936836395,54369.37,2421.8821569136053,0.0
2025,GRR,3089691.522945404,-51947.488936836395,-552714.4,-604661.8639368364,2485029.6590085677
2025,GSN,1119737.4479634762,-51947.488936836395,-547855.6,-599803.1139368364,519934.3340266398
2025,GSO,1759909.759124875,-51947.488936836395,-690437.0,-742384.4889368364,1017525.2701880387
2025,GSP,2119810.083328724,-51947.488936836395,-110838.49,-162785.9811243364,1957024.1022043875
2025,GST,16366.51068027597,-51947.488936836395,54911.637,2964.1477819136053,19330.658462189574
2025,GTF,188042.3218223676,-51947.488936836395,59753.22,7805.729813163605,195848.0516355312
2025,GTR,91578.6405717209,-51947.488936836395,-8671.568,-60619.057296211395,30959.583275509503
2025,GUC,38734.4095759308,-51947.488936836395,247491.75,195544.2610631636,234278.6706390944
2025,GUM,2696499.383545637,-51947.488936836395,-1039337.9,-1091285.3639368364,1605214.0196088008
2025,HDN,32727.7134976089,-51947.488936836395,228404.02,176456.5266881636,209184.2401857725
2025,HGR,93458.6329151094,-51947.488936836395,51580.84,-366.6490930863947,93091.983822023
2025,HIB,33527.49729133956,-51947.488936836395,48569.94,-3377.5475305863947,30149.949760753167
2025,HLA,2969.583773982842,-51947.488936836395,72969.195,21021.706375663605,23991.290149646447
2025,HLN,145521.48878650367,-51947.488936836395,54466.16,2518.6712194136053,148040.16000591728
2025,HNH,5100.855016462621,-51947.488936836395,72969.195,21021.706375663605,26122.561392126227
2025,HNL,12454322.262424707,-51947.488936836395,-1290022.6,-1341970.1139368364,11112352.148487872
2025,HNS,12864.041659044102,-51947.488936836395,81345.0,29397.511063163605,42261.55272220771
2025,HOM,42846.221269629896,-51947.488936836395,65219.68,13272.190750663605,56118.4120202935
2025,HOU,11659015.882587433,-51947.488936836395,-3211736.5,-3263683.9889368364,8395331.893650597
2025,HPB,3364.439148957375,-51947.488936836395,-146864.53,-198812.0201868364,168.22195744786876
2025,HPN,45817.856368780136,-51947.488936836395,1115978.6,1064031.1360631636,1109848.9924319438
2025,HRL,218796.99243174493,-51947.488936836395,463221.47,411273.97981316363,630070.9722449086
2025,HRO,3470.709653656464,-51947.488936836395,103430.805,51483.315750663605,54954.02540432007
2025,HSV,612671.0152515918,-51947.488936836395,268085.28,216137.7923131636,828808.8075647554
2025,HTS,75266.41733399965,-51947.488936836395,129461.95,77514.4641881636,152780.88152216325
2025,HVN,44273.87916506082,-51947.488936836395,628835.2,576887.6985631636,621161.5777282245
2025,HXD,110434.70445200056,-51947.488936836395,136768.3,84820.8079381636,195255.51239016416
2025,HYA,-197444.78645712137,-51947.488936836395,344434.28,292486.79231316363,95042.00585604226
2025,HYS,16959.614759537595,-51947.488936836395,331990.22,280042.72981316363,297002.34457270126
2025,IAD,8076166.614006043,-51947.488936836395,2680869.5,2628922.0110631636,10705088.625069207
2025,IAH,17874527.617860794,-51947.488936836395,2732624.5,2680677.0110631636,20555204.628923956
2025,IAN,4174.126487582922,-51947.488936836395,395030.8,343083.32356316363,347257.45005074656
2025,ICT,770683.2809988856,-51947.488936836395,120985.516,69038.0266881636,839721.3076870493
2025,IDA,143237.15761061013,-51947.488936836395,263220.12,211272.6360631636,354509.79367377376
2025,IIK,8336.268393998733,-51947.488936836395,21625.53,-30321.959639961395,416.8134196999367
2025,ILI,4925.211771758972,-51947.488936836395,21625.53,-30321.959639961395,246.2605885879486
2025,ILM,465969.4915318787,-51947.488936836395,270658.1,218710.6048131636,684680.0963450423
2025,IMT,50669.170865986496,-51947.488936836395,-3401.7065,-55349.195479805145,2533.458543299325
2025,IND,5854730.596431017,-51947.488936836395,-520976.3,-572923.8014368364,5281806.794994181
2025,INL,27436.959725550376,-51947.488936836395,4772.8945,-47174.594405586395,1371.8479862775189
2025,IPL,11808.42508872412,-51947.488936836395,10415.12,-41532.368819648895,590.421254436206
2025,ISP,470002.47501063347,-51947.488936836395,31173.547,-20773.942061836395,449228.5329487971
2025,ITH,84547.5212059915,-51947.488936836395,15412.314,-36535.174483711395,48012.34672228011
2025,ITO,503345.39851874113,-51947.488936836395,213652.73,161705.2454381636,665050.6439569048
2025,JAC,495336.47778653353,-51947.488936836395,46891.855,-5055.633468086395,490280.84431844717
2025,JAN,202231.078843832,-51947.488936836395,343944.7,291997.19856316363,494228.27740699565
2025,JAX,3531638.6945517063,-51947.488936836395,208563.44,156615.9485631636,3688254.64311487
2025,JFK,31823259.208284374,-51947.488936836395,-1521902.4,-1573849.8639368364,30249409.344347537
2025,JLN,137029.73741661012,-51947.488936836395,-272698.5,-324645.98893683637,6851.486870830507
2025,JNU,626035.4643810093,-51947.488936836395,-50221.047,-102168.5358118364,523866.928569173
2025,JST,13635.443827070296,-51947.488936836395,-181647.2,-233594.6920618364,681.7721913535148
2025,KLG,6672.8038572757505,-51947.488936836395,-3500.4736,-55447.962569648895,333.64019286378755
2025,KOA,2721480.9419294,-51947.488936836395,-762821.4,-814768.8639368364,1906712.0779925636
2025,KSM,5284.696576911956,-51947.488936836395,17494.418,-34453.070968086395,264.2348288455978
2025,KTN,196434.9173439331,-51947.488936836395,-32582.23,-84529.7194055864,111905.19793834671
2025,KVL,5138.848512500874,-51947.488936836395,10247.442,-41700.046554023895,256.9424256250437
2025,LAN,269385.85196770995,-51947.488936836395,-60262.58,-112210.0670618364,157175.78490587356
2025,LAR,36161.69089389592,-51947.488936836395,7977.096,-43970.392745430145,1808.084544694796
2025,LAS,25118393.631961823,-51947.488936836395,150051.75,98104.2610631636,25216497.893024985
2025,LAW,-1700.4983464330437,-51947.488936836395,-585311.1,-637258.6139368364,0.0
2025,LAX,68131043.51003456,-51947.488936836395,-21572884.0,-21624831.488936838,46506212.02109772
2025,LBB,432521.32495974,-51947.488936836395,157286.36,105338.8704381636,537860.1953979036
2025,LBE,366875.4451652467,-51947.488936836395,-25079.736,-77027.2252649614,289848.21990028536
2025,LBF,18949.29561440507,-51947.488936836395,69680.14,17732.651688163605,36681.947302568675
2025,LBL,11797.413749070838,-51947.488936836395,69680.14,17732.651688163605,29530.065437234443
2025,LCH,51565.60951764602,-51947.488936836395,454865.16,402917.66731316363,454483.27683080966
2025,LCK,476116.3020827174,-51947.488936836395,-125170.83,-177118.3170618364,298997.98502088105
2025,LEB,14609.24767173489,-51947.488936836395,67690.56,15743.073563163605,30352.321234898496
2025,LEX,1041092.2343180776,-51947.488936836395,-39291.625,-91239.1139368364,949853.1203812412
2025,LFT,219085.30275142193,-51947.488936836395,197557.33,145609.8391881636,364695.14193958556
2025,LGA,20754298.0032959,-51947.488936836395,-2861203.2,-2913150.7389368364,17841147.26435906
2025,LGB,1372099.5562132597,-51947.488936836395,110192.43,58244.940750663605,1430344.4969639233
2025,LIH,2360217.3418120146,-51947.488936836395,-339015.9,-390963.39518683637,1969253.9466251782
2025,LIT,891093.3423324823,-51947.488936836395,-81296.33,-133243.8170618364,757849.525270646
2025,LNK,312400.7954622507,-51947.488936836395,1268.0991,-50679.389815742645,261721.40564650806
2025,LNS,17524.608785632998,-51947.488936836395,74032.836,22085.347000663605,39609.9557862966
2025,LNY,60832.38561202958,-51947.488936836395,17967.096,-33980.393233711395,26851.992378318188
2025,LRD,13840.969575867057,-51947.488936836395,254800.97,202853.4798131636,216694.44938903066
2025,LSE,73960.15149725229,-51947.488936836395,33718.145,-18229.344405586395,55730.80709166589
2025,LWB,14108.729324663058,-51947.488936836395,67554.95,15607.464188163605,29716.193512826663
2025,LWS,6714.145041950047,-51947.488936836395,187203.19,135255.6985631636,141969.84360511365
2025,LYH,116236.2136330083,-51947.488936836395,47711.16,-4236.328780586395,111999.8848524219
2025,MAF,904810.1437444388,-51947.488936836395,32808.742,-19138.746749336395,885671.3969951024
2025,MAZ,51461.85301672667,-51947.488936836395,47804.496,-4142.992843086395,47318.86017364028
2025,MBS,227736.8536900729,-51947.488936836395,36756.55,-15190.938155586395,212545.9155344865
2025,MCE,11290.43551169522,-51947.488936836395,60795.195,8847.706375663605,20138.141887358826
2025,MCG,-9029.3569557108,-51947.488936836395,74593.93,22646.440750663605,13617.083794952805
2025,MCI,6976999.201311901,-51947.488936836395,-1027649.1,-1079596.6139368364,5897402.587375065
2025,MCO,31662076.172177553,-51947.488936836395,-1835711.8,-1887659.2389368364,29774416.933240715
2025,MCW,6504.886881241924,-51947.488936836395,90434.086,38486.597000663605,44991.48388190553
2025,MDT,832980.3787693083,-51947.488936836395,62021.76,10074.272781913605,843054.651551222
2025,MDW,11839138.394294262,-51947.488936836395,-1735009.8,-1786957.2389368364,10052181.155357426
2025,MEI,39779.460743468255,-51947.488936836395,44526.57,-7420.918624336395,32358.54211913186
2025,MEM,-2110804.51261425,-51947.488936836395,3025771.8,2973824.2610631636,863019.7484489135
2025,MFE,283981.8571218252,-51947.488936836395,390942.66,338995.16731316363,622977.0244349889
2025,MFR,810911.588903904,-51947.488936836395,-10035.125,-61982.613936836395,748928.9749670676
2025,MGM,269724.1998575926,-51947.488936836395,126514.57,74567.0813756636,344291.2812332562
2025,MGW,12363.506296247244,-51947.488936836395,153570.97,101623.4798131636,113986.98610941085
2025,MHK,141653.3547463566,-51947.488936836395,98861.16,46913.667313163605,188567.0220595202
2025,MHT,-614479.1696007252,-51947.488936836395,713467.2,661519.6985631636,47040.52896243846
2025,MIA,26552429.197140697,-51947.488936836395,1866408.5,1814461.0110631636,28366890.20820386
2025,MKE,471686.12809848785,-51947.488936836395,1663835.6,1611888.1360631636,2083574.2641616515
2025,MKG,34452.9554321107,-51947.488936836395,176340.7,124393.2141881636,158846.1696202743
2025,MKK,24002.796907670796,-51947.488936836395,231251.44,179303.9485631636,203306.7454708344
2025,MLB,519234.12298065424,-51947.488936836395,98913.48,46965.987625663605,566200.1106063179
2025,MLI,19813.373742043972,-51947.488936836395,294761.47,242813.9798131636,262627.3535552076
2025,MLU,143871.59109116718,-51947.488936836395,89267.4,37319.909500663605,181191.5005918308
2025,MOB,468208.52693223953,-51947.488936836395,63697.25,11749.761063163605,479958.28799540317
2025,MOT,231960.65656645596,-51947.488936836395,108049.38,56101.893875663605,288062.5504421196
2025,MOU,3431.0873894122196,-51947.488936836395,134277.83,82330.3391881636,85761.42657757582
2025,MRI,30160.268561044708,-51947.488936836395,135033.83,83086.3391881636,113246.60774920831
2025,MRY,249104.26194648445,-51947.488936836395,245541.64,193594.1516881636,442698.4136346481
2025,MSL,6494.078797800001,-51947.488936836395,141999.16,90051.6673131636,96545.7461109636
2025,MSN,1757844.4257923365,-51947.488936836395,-320857.34,-372804.83268683637,1385039.5931055
2025,MSO,662675.9828165025,-51947.488936836395,15627.612,-36319.876632148895,626356.1061843536
2025,MSP,24023844.038493633,-51947.488936836395,-3550701.0,-3602648.4889368364,20421195.549556796
2025,MSS,7093.826386470348,-51947.488936836395,-393830.0,-445777.48893683637,354.6913193235174
2025,MSY,13899621.3805542,-51947.488936836395,-3635447.5,-3687394.9889368364,10212226.391617363
2025,MTJ,232528.7656627223,-51947.488936836395,117318.96,65371.472000663605,297900.2376633859
2025,MVY,92170.08050755411,-51947.488936836395,54517.582,2570.0930944136053,94740.17360196772
2025,MWA,26536.934262298048,-51947.488936836395,28162.057,-23785.432296211395,2751.501966086653
2025,MYR,2194333.94382751,-51947.488936836395,14053.757,-37893.732100898895,2156440.211726611
2025,OAJ,40990.28170114755,-51947.488936836395,130272.29,78324.8001256636,119315.08182681116
2025,OAK,9159330.41875267,-51947.488936836395,-3658250.5,-3710197.9889368364,5449132.429815834
2025,OGG,5500526.3002643585,-51947.488936836395,-2155178.2,-2207125.7389368364,3293400.561327522
2025,OKC,2556687.6902974695,-51947.488936836395,-63205.62,-115153.1100305864,2441534.580266883
2025,OMA,2582379.807795942,-51947.488936836395,-47718.54,-99666.0279993364,2482713.7797966055
2025,OME,67424.71721898578,-51947.488936836395,42960.086,-8987.402999336395,58437.314219649386
2025,ONT,2907324.5920768976,-51947.488936836395,359858.06,307910.57356316363,3215235.1656400613
2025,OOK,3724.5994037319906,-51947.488936836395,41921.363,-10026.125655586395,186.22997018659953
2025,ORD,52174253.26434171,-51947.488936836395,-12661720.0,-12713667.488936836,39460585.77540488
2025,ORF,2093698.712452829,-51947.488936836395,-74120.18,-126067.6686243364,1967631.0438284925
2025,ORS,22441.38952402398,-51947.488936836395,53169.4,1221.9095006636053,23663.299024687585
2025,OTH,-18781.53088889271,-51947.488936836395,94014.02,42066.534500663605,23285.003611770895
2025,OTZ,65990.5909881685,-51947.488936836395,61499.637,9552.147781913605,75542.7387700821
2025,OWB,25437.507808748633,-51947.488936836395,61499.637,9552.147781913605,34989.65559066224
2025,PAH,31751.96787800081,-51947.488936836395,63109.7,11162.210281913605,42914.178159914416
2025,PBI,3501403.8721294403,-51947.488936836395,325722.9,273775.41731316363,3775179.289442604
2025,PDT,17733.0040990822,-51947.488936836395,50679.22,-1268.2701868363947,16464.733912245807
2025,PDX,14187734.165508509,-51947.488936836395,-3749419.2,-3801366.7389368364,10386367.426571673
2025,PGA,37475.87318296777,-51947.488936836395,-61695.027,-113642.5162805864,1873.7936591483885
2025,PGV,19238.89644882828,-51947.488936836395,121675.375,69727.8860631636,88966.78251199189
2025,PHF,-723365.4879430532,-51947.488936836395,500071.06,448123.57356316363,0.0
2025,PHL,10664976.26208496,-51947.488936836395,1647641.9,1595694.3860631636,12260670.648148123
2025,PHO,1796.9148123343475,-51947.488936836395,371528.84,319581.35481316363,321378.269625498
2025,PHX,23564178.74727869,-51947.488936836395,1045226.3,993278.8235631636,24557457.570841853
2025,PIA,353583.501542598,-51947.488936836395,95487.63,43540.143875663605,397123.64541826164
2025,PIB,3589.0013481806964,-51947.488936836395,116353.86,64406.370438163605,67995.3717863443
2025,PIE,2719550.4223048687,-51947.488936836395,-947665.6,-999613.1139368364,1719937.3083680323
2025,PIH,121665.17234127223,-51947.488936836395,87538.984,35591.495438163605,157256.66777943584
2025,PIR,38091.40019809641,-51947.488936836395,99093.69,47146.198563163605,85237.59876126001
2025,PIT,13657355.366632462,-51947.488936836395,-3304479.5,-3356426.9889368364,10300928.377695626
2025,PKB,22110.05411832407,-51947.488936836395,123334.414,71386.9251256636,93496.97924398768
2025,PLN,40606.40769433137,-51947.488936836395,98337.17,46389.682938163605,86996.09063249498
2025,PNS,1305208.938787669,-51947.488936836395,287045.6,235098.1048131636,1540307.0436008326
2025,PPG,143581.2925452292,-51947.488936836395,71100.48,19152.987625663605,162734.2801708928
2025,PQI,17240.54263298586,-51947.488936836395,107771.68,55824.190750663605,73064.73338364947
2025,PRC,49264.077472206205,-51947.488936836395,95892.81,43945.323563163605,93209.40103536981
2025,PSC,609147.5159516633,-51947.488936836395,58627.887,6680.397781913605,615827.9137335769
2025,PSE,-89129.89502197504,-51947.488936836395,190046.64,138099.1516881636,48969.256666188565
2025,PSG,30160.455499388467,-51947.488936836395,90006.75,38059.261063163605,68219.71656255207
2025,PSM,243822.47661469877,-51947.488936836395,12967.587,-38979.902022773895,204842.57459192487
2025,PSP,1871496.0366553068,-51947.488936836395,12967.587,-38979.902022773895,1832516.134632533
2025,PUW,134991.32168328762,-51947.488936836395,58163.777,6216.288406913605,141207.61009020123
2025,PVC,8696.69587673631,-51947.488936836395,89831.42,37883.932938163605,46580.628814899916
2025,PVD,2425119.936897233,-51947.488936836395,-252210.52,-304158.00456183637,2120961.9323353968
2025,PWM,1198973.2932174057,-51947.488936836395,226921.5,174974.0110631636,1373947.3042805693
2025,RAP,373122.6352311857,-51947.488936836395,160385.08,108437.5891881636,481560.22441934934
2025,RDD,47540.10645000264,-51947.488936836395,430436.62,378489.13606316363,426029.2425131663
2025,RDM,766624.9187470973,-51947.488936836395,24905.44,-27042.049483711395,739582.8692633859
2025,RDU,10388301.5320158,-51947.488936836395,-1652296.6,-1704244.1139368364,8684057.418078965
2025,RFD,-15711.510951727629,-51947.488936836395,168577.17,116629.6829381636,100918.17198643598
2025,RHI,28270.83116312325,-51947.488936836395,80337.67,28390.182938163605,56661.014101286855
2025,RIC,2066860.8274292944,-51947.488936836395,328520.34,276572.85481316363,2343433.6822424578
2025,RIW,-9762.524172123522,-51947.488936836395,146236.75,94289.2610631636,84526.73689104008
2025,RKD,18825.00962238619,-51947.488936836395,85491.93,33544.440750663605,52369.450373049796
2025,RKS,52.12908270582557,-51947.488936836395,84480.875,32533.386063163605,32585.51514586943
2025,RNO,2833747.740778258,-51947.488936836395,-304032.16,-355979.64518683637,2477768.0955914217
2025,ROA,393183.0189909134,-51947.488936836395,56154.42,4206.932938163605,397389.95192907704
2025,ROC,977002.0460965632,-51947.488936836395,159078.53,107131.0423131636,1084133.0884097267
2025,ROW,85367.56881106645,-51947.488936836395,-6381.5156,-58329.004561836395,27038.564249230054
2025,RST,283403.35656280816,-51947.488936836395,-22021.307,-73968.7955774614,209434.56098534676
2025,RSW,5044134.723001957,-51947.488936836395,46277.777,-5669.711593086395,5038465.01140887
2025,SAF,363765.74666395783,-51947.488936836395,-108811.48,-160758.9654993364,203006.78116462144
2025,SAN,17362050.53693366,-51947.488936836395,-3312553.5,-3364500.9889368364,13997549.547996825
2025,SAT,5742250.132177897,-51947.488936836395,-61775.04,-113722.5279993364,5628527.60417856
2025,SAV,2405875.2799132466,-51947.488936836395,-15947.02,-67894.5084680864,2337980.7714451603
2025,SAW,46390.42528657243,-51947.488936836395,80804.45,28856.964188163605,75247.38947473603
2025,SBA,581736.1078125089,-51947.488936836395,208234.17,156286.6829381636,738022.7907506726
2025,SBN,601306.3055442572,-51947.488936836395,54448.69,2501.2024694136053,603807.5080136708
2025,SBP,464684.3342539519,-51947.488936836395,48848.367,-3099.1217493363947,461585.21250461554
2025,SBY,66110.3628381323,-51947.488936836395,80236.61,28289.120438163605,94399.48327629591
2025,SCC,9441.130946666002,-51947.488936836395,146520.14,94572.6516881636,104013.78263482961
2025,SCK,178778.37165685743,-51947.488936836395,7922.5293,-44024.959639961395,134753.41201689604
2025,SCM,4730.7514988245675,-51947.488936836395,170297.3,118349.8079381636,123080.55943698817
2025,SDF,2475356.1055674255,-51947.488936836395,147120.89,95173.4016881636,2570529.507255589
2025,SDP,3512.997739496641,-51947.488936836395,170297.3,118349.8079381636,121862.80567766025
2025,SDY,32603.103726886213,-51947.488936836395,-18094.525,-70042.0143274614,1630.1551863443108
2025,SEA,38371587.616371155,-51947.488936836395,-9341280.0,-9393227.488936836,28978360.12743432
2025,SFB,2557051.9160532355,-51947.488936836395,-1243257.2,-1295204.7389368364,1261847.1771163992
2025,SFO,38854415.22127819,-51947.488936836395,-10827538.0,-10879485.488936836,27974929.732341357
2025,SGF,764598.8464016386,-51947.488936836395,27881.56,-24065.928389961395,740532.9180116772
2025,SGU,221894.7972175628,-51947.488936836395,9010.427,-42937.062179023895,178957.7350385389
2025,SGY,9818.861919631485,-51947.488936836395,46470.586,-5476.902999336395,4341.95892029509
2025,SHD,32883.387262996286,-51947.488936836395,44084.36,-7863.129561836395,25020.25770115989
2025,SHH,3754.765613562427,-51947.488936836395,50058.062,-1889.4264368363947,1865.3391767260323
2025,SHR,-3104.372226458043,-51947.488936836395,96163.79,44216.300125663605,41111.92789920556
2025,SHV,446666.3240569532,-51947.488936836395,17818.012,-34129.477218086395,412536.8468388668
2025,SIG,-10548.513324188069,-51947.488936836395,215262.88,163315.3860631636,152766.87273897554
2025,SIT,131161.73477998748,-51947.488936836395,-15964.787,-67912.2760462114,63249.45873377609
2025,SJC,14851513.05943489,-51947.488936836395,-6520962.0,-6572909.488936837,8278603.570498054
2025,SJT,31089.913378596302,-51947.488936836395,128753.836,76806.3470006636,107896.26037925991
2025,SJU,4554286.523353338,-51947.488936836395,1781283.9,1729336.3860631636,6283622.909416502
2025,SLC,15817935.329697909,-51947.488936836395,-1774883.8,-1826831.2389368364,13991104.090761073
2025,SLK,3595.2358694969444,-51947.488936836395,23289.453,-28658.035811836395,179.76179347484722
2025,SLN,51016.01897503063,-51947.488936836395,67709.54,15762.050125663605,66778.06910069424
2025,SMF,7933828.832348943,-51947.488936836395,-1037214.8,-1089162.3014368364,6844666.530912107
2025,SMX,-41049.48010548949,-51947.488936836395,122309.51,70362.0188756636,29312.538770174113
2025,SNA,5493711.955304146,-51947.488936836395,-745557.06,-797504.5514368364,4696207.40386731
2025,SOV,-2148.0608679633588,-51947.488936836395,13400.282,-38547.206710273895,0.0
2025,SOW,128.63535794988277,-51947.488936836395,61831.246,9883.757156913605,10012.392514863488
2025,SPI,166640.91592229903,-51947.488936836395,24618.209,-27329.279952461395,139311.63596983763
2025,SPS,32713.04681246355,-51947.488936836395,61005.71,9058.222000663605,41771.26881312716
2025,SRQ,981142.688822314,-51947.488936836395,1034070.7,982123.1985631636,1963265.8873854778
2025,STC,27508.21705780644,-51947.488936836395,108262.375,56314.886063163605,83823.10312097004
2025,STL,18520389.822523117,-51947.488936836395,-4881190.5,-4933137.988936837,13587251.83358628
2025,STS,432369.819750607,-51947.488936836395,-183208.7,-235156.1920618364,197213.62768877062
2025,STT,274231.9805613756,-51947.488936836395,399747.34,347799.85481316363,622031.8353745393
2025,STX,306146.81922364235,-51947.488936836395,120678.375,68730.8860631636,374877.705286806
2025,SUN,172322.00478205085,-51947.488936836395,19889.744,-32057.744796211395,140264.25998583945
2025,SUX,121182.33649909496,-51947.488936836395,36794.203,-15153.285811836395,106029.05068725857
2025,SVA,2748.0737630273215,-51947.488936836395,59728.832,7781.343094413605,10529.416857440927
2025,SWF,201424.78792631623,-51947.488936836395,-15359.186,-67306.6744837114,134118.11344260484
2025,SYR,1343072.3104093373,-51947.488936836395,104505.06,52557.573563163605,1395629.883972501
2025,TBN,9081.046213656316,-51947.488936836395,58372.824,6425.335281913605,15506.381495569922
2025,TEX,2493.606085018255,-51947.488936836395,61171.125,9223.636063163605,11717.24214818186
2025,TLH,641591.3803756982,-51947.488936836395,-19491.852,-71439.3404993364,570152.0398763618
2025,TNI,97675.39803116024,-51947.488936836395,22005.436,-29942.053389961395,67733.34464119884
2025,TOL,452445.3664251566,-51947.488936836395,-110343.21,-162290.6998743364,290154.6665508202
2025,TPA,13252357.368324695,-51947.488936836395,-1100488.6,-1152436.1139368364,12099921.25438786
2025,TRI,215575.2390905968,-51947.488936836395,31431.662,-20515.826827461395,195059.4122631354
2025,TTN,1228382.848266244,-51947.488936836395,-733511.94,-785459.4264368364,442923.42182940757
2025,TUL,1563087.2541537285,-51947.488936836395,36601.29,-15346.199874336395,1547741.0542793921
2025,TUP,6825.169324614108,-51947.488936836395,80562.73,28615.237625663605,35440.40695027771
2025,TUS,1138518.8264832497,-51947.488936836395,391858.66,339911.16731316363,1478429.9937964133
2025,TVC,459781.3507793695,-51947.488936836395,104973.516,53026.026688163605,512807.3774675331
2025,TVF,13158.60910644848,-51947.488936836395,63883.438,11935.948563163605,25094.557669612084
2025,TWF,88837.43410910293,-51947.488936836395,40826.527,-11120.961593086395,77716.47251601654
2025,TXK,53813.89792352775,-51947.488936836395,104973.516,53026.026688163605,106839.92461169136
2025,TYR,-10244.012583993375,-51947.488936836395,413448.56,361501.07356316363,351257.06097917026
2025,TYS,1670342.1747961938,-51947.488936836395,101764.33,49816.839188163605,1720159.0139843575
2025,UIN,25401.965980283916,-51947.488936836395,67902.31,15954.823563163605,41356.78954344752
2025,UNK,19086.95450141019,-51947.488936836395,64899.004,12951.514969413605,32038.469470823795
2025,UNV,229518.6963803321,-51947.488936836395,25701.137,-26246.352218086395,203272.34416224572
2025,VAK,6875.069264204241,-51947.488936836395,65884.695,13937.206375663605,20812.275639867847
2025,VCT,13313.946098459885,-51947.488936836395,64528.684,12581.194656913605,25895.14075537349
2025,VDZ,5784.20114310924,-51947.488936836395,67618.945,15671.456375663605,21455.657518772845
2025,VLD,45691.618042137474,-51947.488936836395,66944.23,14996.737625663605,60688.35566780108
2025,VPS,1519805.6541662216,-51947.488936836395,5583.2627,-46364.226241523895,1473441.4279246978
2025,VQS,27595.245676113293,-51947.488936836395,61056.184,9108.694656913605,36703.9403330269
2025,WLK,3901.1858807862736,-51947.488936836395,66944.23,14996.737625663605,18897.92350644988
2025,WRG,20246.94794060709,-51947.488936836395,68344.695,16397.206375663605,36644.154316270695
2025,WST,31623.758662405424,-51947.488936836395,53651.81,1704.3196569136053,33328.07831931903
2025,WTK,4725.343751229346,-51947.488936836395,66944.23,14996.737625663605,19722.08137689295
2025,WYS,15992.197156854903,-51947.488936836395,68344.695,16397.206375663605,32389.40353251851
2025,XNA,1107147.568746306,-51947.488936836395,416509.38,364561.88606316363,1471709.4548094696
2025,YAK,19275.000652200542,-51947.488936836395,68344.695,16397.206375663605,35672.20702786415
2025,YKM,94577.8821936287,-51947.488936836395,38478.008,-13469.481124336395,81108.4010692923
2025,Z09,2058.7074467954226,-51947.488936836395,66944.23,14996.737625663605,17055.445072459028
